Datetime,Tweet Id,Text,location,Media,TweetUrl,Hashtags,Retweets Counts,Like Counts
2022-01-17 16:49:31,1483119304753225735,"@ZaidZamanHamid I think doctor Tahir ul qadri...
Because Dtq wo phly politician hai jinu ny Iss system k against bh‚Ä¶ https://t.co/IvNTR2EMJb","Lahore, Pakistan",[],https://twitter.com/user/status/1483119304753225735,Doctor Protest,0,0
2022-01-17 16:01:33,1483107230094438402,@Babygravy9 Imagine asking your doctor which protest to attend.,,[],https://twitter.com/user/status/1483107230094438402,Doctor Protest,0,6
2022-01-17 15:32:56,1483100029011251201,"@TheLitCritGuy @TheMagnificast @RevLeftRadio Reading him call Luther a ""donkey-cunt doctor of theology"" in the Prag‚Ä¶ https://t.co/L8YoW0p1zo","Hippel's Bar, FriedrichStrasse",[],https://twitter.com/user/status/1483100029011251201,Doctor Protest,0,2
2022-01-17 14:38:09,1483086243764264961,@Jim_Jordan @MariaBartiromo Six former wrestlers say Rep. Jim Jordan knew about abusive OSU doctor. Six former Whit‚Ä¶ https://t.co/zqwm1AU6ny,,[],https://twitter.com/user/status/1483086243764264961,Doctor Protest,0,0
2022-01-17 13:54:05,1483075154829881344,Doctor students held a protest in front of the Ministry of Health in Iran to protest their situation and livelihood‚Ä¶ https://t.co/BwlPNoVoea,,[],https://twitter.com/user/status/1483075154829881344,Doctor Protest,2,4
2022-01-17 12:46:45,1483058208382009346,@doctor_oxford Protest about NHS staff who will be sacked if they don't have the Jab and who have worked in the fro‚Ä¶ https://t.co/gS0R3ZSDw4,,[],https://twitter.com/user/status/1483058208382009346,Doctor Protest,0,0
2022-01-17 05:17:58,1482945268836630530,Ever heard doctors protest to increase intern &amp; resident seats in such overloaded institutes so that they can work‚Ä¶ https://t.co/XEcHfleY29,,[],https://twitter.com/user/status/1482945268836630530,Doctor Protest,3,3
2022-01-17 05:17:28,1482945144303546370,@arifkhan7 @DipshikhaGhosh @DrJoyeeta Ever heard doctors protest to increase intern &amp; resident seats in such overlo‚Ä¶ https://t.co/fxToYUmrcd,,[],https://twitter.com/user/status/1482945144303546370,Doctor Protest,3,4
2022-01-17 04:39:07,1482935490642956288,"No wonder PTI brats lacks the basis info, idiotic stance comparing the brutal act on Institute of cardiology by law‚Ä¶ https://t.co/6CpXcLrzie",Rahimyarkhan/Lahore,[],https://twitter.com/user/status/1482935490642956288,Doctor Protest,7,20
2022-01-17 04:13:21,1482929008950280195,"No protest by any medical ASSOCIATIONS ever!

ASSOCIATIONS funded by them?

#MedTwitter or #MedicalMafia?

.‚Ä¶ https://t.co/UERBt8WZIL",,[],https://twitter.com/user/status/1482929008950280195,Doctor Protest,3,3
2022-01-17 04:11:47,1482928611418341377,@Mundra08 @yogitaraoTOI @AnantBhan @HaryaxPathak @DoctorLFC @docvjg @DrMeet_Ghonia @spkalantri @RemaNagarajan‚Ä¶ https://t.co/5F5puUQtc3,,[],https://twitter.com/user/status/1482928611418341377,Doctor Protest,3,3
2022-01-17 04:10:10,1482928207917907970,"No protest by any medical ASSOCIATIONS ever!

ASSOCIATIONS funded by them?

#MedTwitter or #MedicalMafia?

.‚Ä¶ https://t.co/bnEvPmDbQp",,[],https://twitter.com/user/status/1482928207917907970,Doctor Protest,3,3
2022-01-17 04:01:32,1482926034651860995,"@RijoMJohn No protest by any medical ASSOCIATIONS ever!

ASSOCIATIONS funded by them?

#MedTwitter or #MedicalMafia‚Ä¶ https://t.co/e0B5hAxsi7",,[],https://twitter.com/user/status/1482926034651860995,Doctor Protest,3,3
2022-01-17 03:47:37,1482922529396523009,"55% medical colleges, not just seats, r reserved BASED ON CAPITATION

No protest ever!

ASSOCIATIONS funded by them‚Ä¶ https://t.co/vdgRtsX9nn",,[],https://twitter.com/user/status/1482922529396523009,Doctor Protest,3,3
2022-01-17 03:47:30,1482922500644548616,"@DrSpitfire 55% medical colleges, not just seats, r reserved BASED ON CAPITATION

No protest ever!

ASSOCIATIONS fu‚Ä¶ https://t.co/NLmWHrkoWd",,[],https://twitter.com/user/status/1482922500644548616,Doctor Protest,0,0
2022-01-17 03:31:37,1482918506081538051,"""During every protest they fire tear gas inside the hospital where I work,"" one doctor, Houda Ahmad, said at the ra‚Ä¶ https://t.co/EEnMuqnku9",Commonwealth of Virginia,[],https://twitter.com/user/status/1482918506081538051,Doctor Protest,8,4
2022-01-17 02:24:44,1482901671122513921,"@remembrancermx After 40 hours of labor, my doctor overruled my protest and I had an emergency c section. Never dil‚Ä¶ https://t.co/7GUhrV6zYZ","Pennsylvania, USA",[],https://twitter.com/user/status/1482901671122513921,Doctor Protest,0,1
2022-01-16 21:37:21,1482829352148643845,@SueRyan12 @theAliceRoberts @doctor_oxford FULL VIDEO: #Protest; #Sheffield #HospitalStaff ‚ÄòGone from Hero 2 Zero‚Äô‚Ä¶ https://t.co/KxAmcl6TH5,,[],https://twitter.com/user/status/1482829352148643845,Doctor Protest,0,0
2022-01-16 21:35:38,1482828919535509507,@canttale @theAliceRoberts @doctor_oxford FULL VIDEO: #Protest; #Sheffield #HospitalStaff ‚ÄòGone from Hero 2 Zero‚Äô S‚Ä¶ https://t.co/LTREbj6cK0,,[],https://twitter.com/user/status/1482828919535509507,Doctor Protest,1,1
2022-01-16 21:35:21,1482828846130999307,@zoequillan @theAliceRoberts @MartinRemains @doctor_oxford FULL VIDEO: #Protest; #Sheffield #HospitalStaff ‚ÄòGone fr‚Ä¶ https://t.co/EKodQktCjM,,[],https://twitter.com/user/status/1482828846130999307,Doctor Protest,0,0
2022-01-16 18:41:09,1482785007181737985,@aprn_j @JKennedyReport @GovRonDeSantis No link but watched it on YouTube via Sherry Tenpenny Telegram. One of her‚Ä¶ https://t.co/SzYmjsX4HZ,,[],https://twitter.com/user/status/1482785007181737985,Doctor Protest,0,0
2022-01-16 17:34:40,1482768275645870082,@SenatorCassidy what kind of doctor tells people. Not to get vaccinated I never heard of such a thing . When I was‚Ä¶ https://t.co/WdqfWPH1iR,,[],https://twitter.com/user/status/1482768275645870082,Doctor Protest,0,0
2022-01-16 15:30:06,1482736929858895882,"@RuthlessVandal @sunlorrie @nationalpost Oh FFS, please don't confuse those who have legitimate questions w/ the sm‚Ä¶ https://t.co/dJ4yhS9H2T","Ontario, Canada",[],https://twitter.com/user/status/1482736929858895882,Doctor Protest,0,0
2022-01-16 14:46:04,1482725846964060163,@sschweb1 Seen this in Vancouver (mbmch) in a car caravan protest up and down MAIN St about six months ago. Open wi‚Ä¶ https://t.co/cd2P2Qe9fG,"Vancouver, British Columbia",[],https://twitter.com/user/status/1482725846964060163,Doctor Protest,0,1
2022-01-16 13:47:00,1482710981155475460,Doctor Eva Raunig vaccinates a person with a dose of the Pfizer-BioNTech COVID-19 vaccine inside a special containe‚Ä¶ https://t.co/EatFtbwoXP,Melbourne fl,[],https://twitter.com/user/status/1482710981155475460,Doctor Protest,0,0
2022-01-16 10:10:23,1482656469636227079,"Wrong
Its 84%!

65% of 45% seats=29%
+
55% RESERVATION based on CAPITATION

No protest against 55%

ASSOCIATIONS fu‚Ä¶ https://t.co/2FtYJo0zvE",,[],https://twitter.com/user/status/1482656469636227079,Doctor Protest,3,3
2022-01-16 10:09:21,1482656211460050945,"@RiskyDR_14 Wrong
Its 84%!

65% of 45% seats=29%
+
55% RESERVATION based on CAPITATION

No protest against 55%

ASS‚Ä¶ https://t.co/OGiYXmWK62",,[],https://twitter.com/user/status/1482656211460050945,Doctor Protest,1,1
2022-01-16 04:34:11,1482571862861578244,"@Vishal_singh786 If v don't protest as viewers of d show, who love BB who else would stand against &amp; protest. Today‚Ä¶ https://t.co/P9mXbY0Z5L",‡§≠‡§æ‡§∞‡§§,[],https://twitter.com/user/status/1482571862861578244,Doctor Protest,6,3
2022-01-16 02:37:00,1482542373267963904,"55% medical colleges, not just seats, r reserved BASED ON CAPITATION

No protest ever!

ASSOCIATIONS funded by them‚Ä¶ https://t.co/kK87C6Ycmr",,[],https://twitter.com/user/status/1482542373267963904,Doctor Protest,2,3
2022-01-16 02:36:46,1482542314237362177,"@RajivRajivpers @sudhaShenoy1 @PMOIndia @narendramodi @RSSorg @ShrirangAdv 55% medical colleges, not just seats, r‚Ä¶ https://t.co/yHmdGepJ1p",,[],https://twitter.com/user/status/1482542314237362177,Doctor Protest,2,3
2022-01-16 00:03:56,1482503852788269062,@JosephSakran I stopped watching his show a long time ago.  Democrats should stop watching The Doctor Oz Show in pr‚Ä¶ https://t.co/UPQzF7MmmD,"Georgia, USA",[],https://twitter.com/user/status/1482503852788269062,Doctor Protest,0,0
2022-01-15 19:25:16,1482433724218290179,"Thousands Protest In Vienna Against Mandatory Vaccination 

Doctor Eva Raunig vaccinates a person with a dose of th‚Ä¶ https://t.co/58SMsuH0bo","Sugar Land, Texas",[],https://twitter.com/user/status/1482433724218290179,Doctor Protest,0,1
2022-01-15 15:00:01,1482366971937132547,Laffay has told state lawmakers that vaccines kill; she stormed a Big Lots with a small and barefaced crowd to prot‚Ä¶ https://t.co/OLCnmhli5s,,[],https://twitter.com/user/status/1482366971937132547,Doctor Protest,3,8
2022-01-15 14:14:43,1482355570980290569,THE DOCTOR SLAPPED YOUNGRO WTF I AM ABOUT TO PROTEST!!!,Î∏îÎûôÌïëÌÅ¨ | „Ç∏„Çß„Éã,[],https://twitter.com/user/status/1482355570980290569,Doctor Protest,0,0
2022-01-15 13:24:31,1482342937157857280,"55% medical colleges, not just seats, r reserved BASED ON CAPITATION

No protest ever!

ASSOCIATIONS funded by them‚Ä¶ https://t.co/SHnPLrtVHW",,[],https://twitter.com/user/status/1482342937157857280,Doctor Protest,4,4
2022-01-15 13:24:18,1482342883781124096,"@DocGadkari 55% medical colleges, not just seats, r reserved BASED ON CAPITATION

No protest ever!

ASSOCIATIONS fu‚Ä¶ https://t.co/kH3R7IpHpw",,[],https://twitter.com/user/status/1482342883781124096,Doctor Protest,3,3
2022-01-15 09:55:36,1482290361762742275,@RKMittal9 @drsg87 @YoDha_16 @HaryaxPathak @Bethechange901 @RL_Virani @ngadhiya97 @drharshaljoshi @JatinkumbhaniM‚Ä¶ https://t.co/kRFA0x83xs,,[],https://twitter.com/user/status/1482290361762742275,Doctor Protest,3,3
2022-01-15 09:31:25,1482284275093233665,@drsg87 @YoDha_16 @HaryaxPathak @Bethechange901 @RL_Virani @ngadhiya97 @drharshaljoshi @JatinkumbhaniM‚Ä¶ https://t.co/MMgTGOFNPb,,[],https://twitter.com/user/status/1482284275093233665,Doctor Protest,3,4
2022-01-15 09:09:37,1482278789019095042,"Indeed

55% medical colleges, not just seats, r reserved BASED ON CAPITATION
No protest ever!

ASSOCIATIONS funded‚Ä¶ https://t.co/gWIExnQJqm",,[],https://twitter.com/user/status/1482278789019095042,Doctor Protest,3,3
2022-01-15 09:08:55,1482278614410280965,@YoDha_16 @HaryaxPathak @Bethechange901 @RL_Virani @ngadhiya97 @drharshaljoshi @JatinkumbhaniM @SAVEMERITTRUST‚Ä¶ https://t.co/eMqAmYH7Fx,,[],https://twitter.com/user/status/1482278614410280965,Doctor Protest,2,2
2022-01-15 08:55:15,1482275174657445893,"@KhydroSays This one no be protest matter, this is character",Lagos Nigeria,[],https://twitter.com/user/status/1482275174657445893,Doctor Protest,0,30
2022-01-15 08:52:58,1482274601304481793,@aproko_doctor A protest to end all protests. One that will grind the corrupt machine to a halt,,[],https://twitter.com/user/status/1482274601304481793,Doctor Protest,0,1
2022-01-15 06:45:21,1482242484721922051,"55% medical colleges, not just seats, r reserved BASED ON CAPITATION

No protest ever!

ASSOCIATIONS funded by them‚Ä¶ https://t.co/KgDAX7Sj6M",,[],https://twitter.com/user/status/1482242484721922051,Doctor Protest,4,3
2022-01-15 06:45:08,1482242430657495042,@MeritUnity @PMOIndia @MoHFW_INDIA @mansukhmandviya @rashtrapatibhvn @nitin_gadkari @BJP4India @RSSorg @JPNadda‚Ä¶ https://t.co/iIyRFGPdyu,,[],https://twitter.com/user/status/1482242430657495042,Doctor Protest,2,2
2022-01-15 04:45:49,1482212400640184322,"@aproko_doctor Please come to think of it, during the time of protest, no police was on the road or at work and the‚Ä¶ https://t.co/O5ZW7u3dNo",Worldwide,[],https://twitter.com/user/status/1482212400640184322,Doctor Protest,0,0
2022-01-15 02:50:52,1482183473603481603,"Crying is passive resistance, laughing is active protest.Don't talk, said the doctor's wife softly, let's all be qu‚Ä¶ https://t.co/YoCB7ORqrF",,[],https://twitter.com/user/status/1482183473603481603,Doctor Protest,1,8
2022-01-15 02:36:19,1482179813645615104,Ever heard doctors protest to increase intern &amp; resident seats in such overloaded institutes so that they can work‚Ä¶ https://t.co/CIHRmNtGVE,,[],https://twitter.com/user/status/1482179813645615104,Doctor Protest,3,3
2022-01-15 02:36:00,1482179733790273536,@jeevika_shiv @SonaliVaid Ever heard doctors protest to increase intern &amp; resident seats in such overloaded institu‚Ä¶ https://t.co/Jw13zw7Eeo,,[],https://twitter.com/user/status/1482179733790273536,Doctor Protest,3,3
2022-01-15 02:27:14,1482177526436823042,"55% medical colleges, not just seats, r reserved BASED ON CAPITATION

No protest ever!

ASSOCIATIONS funded by them‚Ä¶ https://t.co/LIi08tL9Bv",,[],https://twitter.com/user/status/1482177526436823042,Doctor Protest,3,3
2022-01-15 02:27:02,1482177477762236419,@Drsuryadnb @NBEMS_INDIA @FordaIndia @AIIMSRDA @apjuda1 @karnatakarda @rda_cnbc @DNBdoctors @neetpg2022‚Ä¶ https://t.co/DCvoawCBqU,,[],https://twitter.com/user/status/1482177477762236419,Doctor Protest,3,3
2022-01-15 00:58:48,1482155272567242758,"@snakepharmacist At first they shook their head in protest, but then they set their chin down on the doctor‚Äôs hands‚Ä¶ https://t.co/5v4yROLUqZ",mun is 23,[],https://twitter.com/user/status/1482155272567242758,Doctor Protest,0,0
2022-01-14 23:34:17,1482134000579887108,"‚ÄûAnd you know what, I'd love to forget it all, every last bit of it, but I don't, what ever. 'Cause this is what I‚Ä¶ https://t.co/RFbXqbWLJF",Germany,[],https://twitter.com/user/status/1482134000579887108,Doctor Protest,0,0
2022-01-14 22:47:06,1482122128472576000,Thank God there is one brave Doctor willing to write the inconvenient truth. The more ‚Äúthey‚Äù protest the more I kno‚Ä¶ https://t.co/3VqzNL57JD,,[],https://twitter.com/user/status/1482122128472576000,Doctor Protest,0,0
2022-01-14 17:36:52,1482044057153150978,She told state lawmakers that vaccines kill; she touted dubious COVID-19 treatments on talk radio; she stormed a Bi‚Ä¶ https://t.co/jw4ca7zxTP,"Tiffin, Ohio",[],https://twitter.com/user/status/1482044057153150978,Doctor Protest,0,0
2022-01-14 17:25:16,1482041137691037700,I can- they cannot make you go back *to them.* You can be compelled to visit A doctor but authorities cannot make y‚Ä¶ https://t.co/D8o2ogo3TQ,,[],https://twitter.com/user/status/1482041137691037700,Doctor Protest,1,0
2022-01-14 14:40:20,1481999630699221005,"if you genuinely think that heterosexuality needs occasional celebration, or reactionary hashtags like‚Ä¶ https://t.co/beKQivbGG2",Earth,[],https://twitter.com/user/status/1481999630699221005,Doctor Protest,0,11
2022-01-14 13:12:11,1481977444198682627,@melaniedoak Protest group needs to go to the Minister's electoral office and whip their shirts off and ask if they‚Ä¶ https://t.co/gtjUaKwmTT,"Stolen Land, Australia ",[],https://twitter.com/user/status/1481977444198682627,Doctor Protest,0,0
2022-01-14 12:59:37,1481974281156374532,"If you are a doctor or a nurse or a teacher and you get a criminal record, you can‚Äôt do your job anymore. So all th‚Ä¶ https://t.co/1dPR8p5LgZ","London, England",[],https://twitter.com/user/status/1481974281156374532,Doctor Protest,0,0
2022-01-14 03:29:37,1481830835854536704,"55% medical colleges, not just seats, r reserved BASED ON CAPITATION

No protest ever!

ASSOCIATIONS funded by them‚Ä¶ https://t.co/zcnIyrzJSs",,[],https://twitter.com/user/status/1481830835854536704,Doctor Protest,3,4
2022-01-14 03:29:27,1481830794817523713,"@Keyurr_ @DrMeet_Ghonia @GIDA_Official @IMAIndiaOrg @HqsMsn @ShankulDwivedi @PMOIndia 55% medical colleges, not jus‚Ä¶ https://t.co/axDs38NB8I",,[],https://twitter.com/user/status/1481830794817523713,Doctor Protest,3,4
2022-01-14 03:07:26,1481825255748673536,"@entropied @Indian__doctor 55% medical colleges, not just seats, r reserved BASED ON CAPITATION

No protest ever!‚Ä¶ https://t.co/uQIecqdEXL",,[],https://twitter.com/user/status/1481825255748673536,Doctor Protest,3,3
2022-01-14 03:01:50,1481823845590142985,"@entropied @Indian__doctor 55% medical colleges, not just seats, r reserved BASED ON CAPITATION

No protest ever!‚Ä¶ https://t.co/HesWOybfIJ",,[],https://twitter.com/user/status/1481823845590142985,Doctor Protest,2,2
2022-01-14 03:01:21,1481823725737877505,"55% medical colleges, not just seats, r reserved BASED ON CAPITATION

No protest ever!

ASSOCIATIONS funded by them‚Ä¶ https://t.co/DwmyxN12yi",,[],https://twitter.com/user/status/1481823725737877505,Doctor Protest,3,3
2022-01-14 03:01:04,1481823651553251332,"@agindiaofficial 55% medical colleges, not just seats, r reserved BASED ON CAPITATION

No protest ever!

ASSOCIATIO‚Ä¶ https://t.co/mziHsJhfiO",,[],https://twitter.com/user/status/1481823651553251332,Doctor Protest,2,3
2022-01-14 02:19:33,1481813204980609024,"55% medical colleges, not just seats, r reserved BASED ON CAPITATION

No protest ever!

ASSOCIATIONS funded by them‚Ä¶ https://t.co/RMMQ0tUCPi",,[],https://twitter.com/user/status/1481813204980609024,Doctor Protest,3,3
2022-01-14 02:19:16,1481813133048320001,"@Medical_Nomad_ 55% medical colleges, not just seats, r reserved BASED ON CAPITATION

No protest ever!

ASSOCIATION‚Ä¶ https://t.co/rx83185Bmd",,[],https://twitter.com/user/status/1481813133048320001,Doctor Protest,2,2
2022-01-14 00:55:45,1481792116606996480,Every doctor in America needs to sign a statement of protest to the abhorrent decision they made today advocating f‚Ä¶ https://t.co/SW5V2f6OuH,,[],https://twitter.com/user/status/1481792116606996480,Doctor Protest,2,4
2022-01-13 21:11:54,1481735783467741184,"Doctor Cat is the most attentive care creature. Despite her human being a T Rex, she still insists on receiving non‚Ä¶ https://t.co/Gs5KCauYT9","Vancouver, BC",[],https://twitter.com/user/status/1481735783467741184,Doctor Protest,0,24
2022-01-13 18:45:38,1481698972955721731,@AishaYesufu @aproko_doctor Abi oloriburuku ni Gbogbo yin che we dey among people wey dey shout #EndSARS for where‚Ä¶ https://t.co/OytoyKPyRW,"Manhattan, NY",[],https://twitter.com/user/status/1481698972955721731,Doctor Protest,0,0
2022-01-13 15:12:55,1481645442274570240,"55% medical colleges, not just seats, r reserved BASED ON CAPITATION

No protest ever!

ASSOCIATIONS funded by them‚Ä¶ https://t.co/teOcDccLkD",,[],https://twitter.com/user/status/1481645442274570240,Doctor Protest,3,3
2022-01-13 15:12:22,1481645301341765632,@dentodontics @Indian__doctor @sushant_says @ANI @FordaIndia @FAIMA_INDIA_ @Neurochauhan @DrMeet_Ghonia @MeritUnity‚Ä¶ https://t.co/sefwE4bIcu,,[],https://twitter.com/user/status/1481645301341765632,Doctor Protest,2,2
2022-01-13 13:40:19,1481622138318733313,"@marcorubio If you think 1/6 was a peaceful protest by patriotic citizens, please see a doctor.","Tampa, FL",[],https://twitter.com/user/status/1481622138318733313,Doctor Protest,0,25
2022-01-13 13:33:51,1481620510362456072,"@marcorubio If you think 1/6 was a peaceful protest by patriotic citizens, please see a doctor.","Sarasota, FL",[],https://twitter.com/user/status/1481620510362456072,Doctor Protest,0,5
2022-01-13 13:18:38,1481616679608229890,@DrOlufunmilayo Welcome back Traditional Doctor aka The 30 days protest on the street for UN to take over man,,[],https://twitter.com/user/status/1481616679608229890,Doctor Protest,0,0
2022-01-13 11:33:08,1481590129617940483,"@neotrad3 55% medical colleges, not just seats, r reserved BASED ON CAPITATION

No protest ever!

ASSOCIATIONS fund‚Ä¶ https://t.co/OS0y8NuGob",,[],https://twitter.com/user/status/1481590129617940483,Doctor Protest,1,1
2022-01-13 08:46:28,1481548187559407618,@DrAditya2935 Ever seen doctors protest to increase intern &amp; resident seats in such overloaded institutes so that t‚Ä¶ https://t.co/QZwiOXJrvd,,[],https://twitter.com/user/status/1481548187559407618,Doctor Protest,3,4
2022-01-13 07:36:58,1481530696388980738,"55% medical colleges, not just seats, r reserved BASED ON CAPITATION

No protest ever!

ASSOCIATIONS funded by them‚Ä¶ https://t.co/ndDEFTCO8Q",,[],https://twitter.com/user/status/1481530696388980738,Doctor Protest,3,3
2022-01-13 07:36:46,1481530648490029056,"@TheIndianDr @Drsuryadnb 55% medical colleges, not just seats, r reserved BASED ON CAPITATION

No protest ever!

AS‚Ä¶ https://t.co/kaHoNB4SxV",,[],https://twitter.com/user/status/1481530648490029056,Doctor Protest,1,2
2022-01-13 07:29:23,1481528789083766784,"55% medical colleges, not just seats, r reserved BASED ON CAPITATION

No protest ever!

ASSOCIATIONS funded by them‚Ä¶ https://t.co/at24zp3gSf",,[],https://twitter.com/user/status/1481528789083766784,Doctor Protest,2,2
2022-01-13 07:28:56,1481528676835799043,"@UP72_Abhishek @sudhaShenoy1 55% medical colleges, not just seats, r reserved BASED ON CAPITATION

No protest ever!‚Ä¶ https://t.co/bcE1VMwOJh",,[],https://twitter.com/user/status/1481528676835799043,Doctor Protest,2,3
2022-01-13 06:48:49,1481518579476746244,"55% medical colleges, not just seats, r reserved BASED ON CAPITATION

No protest ever!

ASSOCIATIONS funded by them‚Ä¶ https://t.co/ZLgCePbdU0",,[],https://twitter.com/user/status/1481518579476746244,Doctor Protest,3,3
2022-01-13 06:48:36,1481518527760986113,@drsuhask @narendramodi @AmitShah @PawarSpeaks @AshokChavanINC @YuvrajSambhaji @AjitPawarSpeaks @OfficeofUT‚Ä¶ https://t.co/50yAI967Oh,,[],https://twitter.com/user/status/1481518527760986113,Doctor Protest,2,2
2022-01-13 06:46:28,1481517987907915781,"Poor maths
Its already 16%!

65% of 45% seats=29%
+
55% RESERVATION based on CAPITATION
=84%

ASSOCIATIONS never pr‚Ä¶ https://t.co/dcPPqZuNht",,[],https://twitter.com/user/status/1481517987907915781,Doctor Protest,3,3
2022-01-13 06:44:40,1481517536852459526,"@DNeurosx Ur maths is wrong.

Its already 16%!
65% of 45% seats=29%
+
55% RESERVATION based on CAPITATION
=84%

ASS‚Ä¶ https://t.co/dCYSkZjn5U",,[],https://twitter.com/user/status/1481517536852459526,Doctor Protest,2,2
2022-01-13 04:56:56,1481490425131454464,"@swatifederer 55% medical colleges, not just seats, r reserved BASED ON CAPITATION

No protest ever!

ASSOCIATIONS‚Ä¶ https://t.co/YkyrFQ1PlM",,[],https://twitter.com/user/status/1481490425131454464,Doctor Protest,0,0
2022-01-13 03:55:40,1481475005573746692,@doctor_oxford It's so they can pass legislation that severely restricts right to protest etc... they are getting a‚Ä¶ https://t.co/lCyuHwewEU,,[],https://twitter.com/user/status/1481475005573746692,Doctor Protest,0,0
2022-01-13 03:49:22,1481473420542234629,"@HaryaxPathak What about products of CAPITATION?
55% medical colleges, not just seats, r reserved for them

No prot‚Ä¶ https://t.co/8IginoT9p1",,[],https://twitter.com/user/status/1481473420542234629,Doctor Protest,3,2
2022-01-13 03:32:10,1481469093203288071,"55% medical colleges, not just seats, r reserved BASED ON CAPITATION

No protest ever!

ASSOCIATIONS funded by them‚Ä¶ https://t.co/Rx4NWeajPr",,[],https://twitter.com/user/status/1481469093203288071,Doctor Protest,3,3
2022-01-13 03:31:28,1481468916367073280,"@Dr_House__MD 55% medical colleges, not just seats, r reserved BASED ON CAPITATION

No protest ever!

ASSOCIATIONS‚Ä¶ https://t.co/QFdIKpjyMM",,[],https://twitter.com/user/status/1481468916367073280,Doctor Protest,2,2
2022-01-13 03:18:56,1481465760560328705,Ever seen doctors protest to increase intern &amp; resident seats in such overloaded institutes so that they can work i‚Ä¶ https://t.co/6ZVwbMsSCM,,[],https://twitter.com/user/status/1481465760560328705,Doctor Protest,1,1
2022-01-13 03:18:00,1481465525465399304,@DrSaurav5 Ever seen doctors protest to increase intern &amp; resident seats in such overloaded institutes so that they‚Ä¶ https://t.co/jAYObrrcQx,,[],https://twitter.com/user/status/1481465525465399304,Doctor Protest,2,2
2022-01-13 03:10:24,1481463613206327297,"@DrDhruvchauhan 55% medical colleges, not just seats, r reserved BASED ON CAPITATION

No protest ever!

ASSOCIATION‚Ä¶ https://t.co/svcmsiQU70",,[],https://twitter.com/user/status/1481463613206327297,Doctor Protest,1,1
2022-01-13 02:43:59,1481456966665121793,"55% medical colleges, not just seats, r reserved BASED ON CAPITATION

No protest ever!

ASSOCIATIONS funded by them‚Ä¶ https://t.co/zD9Kw4NebN",,[],https://twitter.com/user/status/1481456966665121793,Doctor Protest,1,1
2022-01-13 02:43:46,1481456909433831425,"@The_GoodSurgeon 55% medical colleges, not just seats, r reserved BASED ON CAPITATION

No protest ever!

ASSOCIATIO‚Ä¶ https://t.co/Z2ssM7oRgv",,[],https://twitter.com/user/status/1481456909433831425,Doctor Protest,1,1
2022-01-13 02:30:41,1481453617744089089,"55% medical colleges, not just seats, r reserved BASED ON CAPITATION

No protest ever!

ASSOCIATIONS funded by them‚Ä¶ https://t.co/yLkdzgOSW5",,[],https://twitter.com/user/status/1481453617744089089,Doctor Protest,2,2
2022-01-13 02:30:26,1481453557249613825,"@sarkari_doctor @sushant_says @IMAIndiaOrg 55% medical colleges, not just seats, r reserved BASED ON CAPITATION

No‚Ä¶ https://t.co/0TtM6sgwkQ",,[],https://twitter.com/user/status/1481453557249613825,Doctor Protest,1,1
2022-01-13 02:18:42,1481450603364892672,"55% medical colleges, not just seats, r reserved BASED ON CAPITATION

No protest ever!

ASSOCIATIONS funded by them‚Ä¶ https://t.co/dYVXzYhQJL",,[],https://twitter.com/user/status/1481450603364892672,Doctor Protest,2,2
2022-01-13 02:18:15,1481450488298360833,"@TheIndianDr @DrDhruvchauhan 55% medical colleges, not just seats, r reserved BASED ON CAPITATION

No protest ever!‚Ä¶ https://t.co/4C7Ap5NFKo",,[],https://twitter.com/user/status/1481450488298360833,Doctor Protest,0,0
2022-01-13 02:13:02,1481449176626241537,"55% medical colleges, not just seats, r reserved BASED ON CAPITATION

No protest ever!

ASSOCIATIONS funded by them‚Ä¶ https://t.co/wNJ0FkKZh0",,[],https://twitter.com/user/status/1481449176626241537,Doctor Protest,3,3
2022-01-13 02:12:46,1481449109261524995,@Indian__doctor @mansukhmandviya @PMOIndia @dr_alokmittal @FAIMA_INDIA_ @FordaIndia @ShankulDwivedi @giantmanish‚Ä¶ https://t.co/l8IV7x65y4,,[],https://twitter.com/user/status/1481449109261524995,Doctor Protest,2,2
2022-01-13 02:12:22,1481449008497565696,@Rohitan28100465 @Indian__doctor @ProfSomashekhar @mansukhmandviya @PMOIndia @dr_alokmittal @FAIMA_INDIA_‚Ä¶ https://t.co/A7na8sQBRX,,[],https://twitter.com/user/status/1481449008497565696,Doctor Protest,3,3
2022-01-13 02:04:02,1481446911727267842,"55% medical colleges, not just seats, r reserved BASED ON CAPITATION

No protest ever!

ASSOCIATIONS funded by them‚Ä¶ https://t.co/aP6hrJzZgi",,[],https://twitter.com/user/status/1481446911727267842,Doctor Protest,2,2
2022-01-13 02:03:42,1481446829204324353,"@Indian__doctor @DrDhruvchauhan 55% medical colleges, not just seats, r reserved BASED ON CAPITATION

No protest ev‚Ä¶ https://t.co/01kYKVFSFV",,[],https://twitter.com/user/status/1481446829204324353,Doctor Protest,0,0
2022-01-13 02:01:55,1481446380824829957,"55% medical colleges, not just seats, r reserved BASED ON CAPITATION

No protest ever!

ASSOCIATIONS funded by them‚Ä¶ https://t.co/FnVRRTnvmw",,[],https://twitter.com/user/status/1481446380824829957,Doctor Protest,3,3
2022-01-13 02:01:36,1481446301850271751,"@drharpalselhi @FordaIndia @AIIMSRDA 55% medical colleges, not just seats, r reserved BASED ON CAPITATION

No prote‚Ä¶ https://t.co/iTqfP15R15",,[],https://twitter.com/user/status/1481446301850271751,Doctor Protest,3,3
2022-01-12 20:51:34,1481368276349378566,@doctorsaz @doctor_oxford For the same reason that the people who attack doctors in the US don't protest against Tr‚Ä¶ https://t.co/r6hpzzX1wJ,The shadows of the capital,[],https://twitter.com/user/status/1481368276349378566,Doctor Protest,0,2
2022-01-12 20:27:01,1481362100148748288,"@CarolineMack18 @bunna79 @Donna54228270 @doctor_oxford Oh, so it's wrong to protest against the murder of a man of‚Ä¶ https://t.co/5o9Zg2xXtW",Cheltenham,[],https://twitter.com/user/status/1481362100148748288,Doctor Protest,0,0
2022-01-12 19:08:39,1481342378753634305,@doctor_oxford @BorisJohnson Protest anyone?,London SE22,[],https://twitter.com/user/status/1481342378753634305,Doctor Protest,0,0
2022-01-12 17:55:16,1481323909119377408,@vivEkdEvda2223 @poojabeditweets @CMOMaharashtra @BJP4India @MoHFW_INDIA @awakenindiamvmt @MumbaiPolice Former NTAG‚Ä¶ https://t.co/sTowN5J1jb,,[],https://twitter.com/user/status/1481323909119377408,Doctor Protest,0,0
2022-01-12 16:20:09,1481299973752995840,"In Pakistan a gun man is more powerful than a 22 grade Doctor, professor or other civilian, we can see in this pict‚Ä¶ https://t.co/6Q8xlI1yH7","Quetta, Pakistan",[],https://twitter.com/user/status/1481299973752995840,Doctor Protest,6,5
2022-01-12 16:11:34,1481297811752767489,"""Paul, a doctor of ophthalmology...""

In 1999, Paul set up and was ""certified"" by the NBO, his own certification or‚Ä¶ https://t.co/BoP1MPRTNe","Chicago, IL",[],https://twitter.com/user/status/1481297811752767489,Doctor Protest,3,17
2022-01-12 15:10:07,1481282347186397185,"@ladpratikr @sudhaShenoy1 @AskDrShashank 55% medical colleges, not just seats, r reserved BASED ON CAPITATION

No p‚Ä¶ https://t.co/dA41NwEph1",,[],https://twitter.com/user/status/1481282347186397185,Doctor Protest,3,3
2022-01-12 12:40:06,1481244597783502848,"55% medical colleges, not just seats, r reserved BASED ON CAPITATION

No protest ever!

ASSOCIATIONS funded by them‚Ä¶ https://t.co/1Ai7b0yMnf",,[],https://twitter.com/user/status/1481244597783502848,Doctor Protest,2,2
2022-01-12 12:39:40,1481244488622546950,"@AskDrShashank 55% medical colleges, not just seats, r reserved BASED ON CAPITATION

No protest ever!

ASSOCIATIONS‚Ä¶ https://t.co/G3W4hAGl74",,[],https://twitter.com/user/status/1481244488622546950,Doctor Protest,1,1
2022-01-12 09:52:33,1481202430054387715,"@JackPosobiec @Cernovich Taking the Lord's name in vain at the end under his breath

The demon infested doctor hate‚Ä¶ https://t.co/VwtMWGVOBh",Florida Man,[],https://twitter.com/user/status/1481202430054387715,Doctor Protest,0,1
2022-01-12 09:25:02,1481195504734474243,"India lost one more doctor, a bright student, always smiling one rather. This is what government and authority has‚Ä¶ https://t.co/uddBDgdxuz",,[],https://twitter.com/user/status/1481195504734474243,Doctor Protest,1,1
2022-01-12 08:08:07,1481176148897935362,Young Doctor association protest  in #Quetta looks bad.,"Islamabad, Pakistan",[],https://twitter.com/user/status/1481176148897935362,Doctor Protest,0,3
2022-01-12 06:35:41,1481152886726094849,#Haryana: Khattar #Govt Invokes #ESMA After #Govt #doctors #Suspend #OPD #work in #protest #DoctorsStrike #Doctor https://t.co/1ZyenlBH24,,[],https://twitter.com/user/status/1481152886726094849,Doctor Protest,0,0
2022-01-12 06:01:24,1481144259604467713,@Tuigim @Doctor_Class @rtenews It doesn't take much to trigger the anti Catholic these days. The date of a holiday‚Ä¶ https://t.co/2MrAJ3VGh4,,[],https://twitter.com/user/status/1481144259604467713,Doctor Protest,0,0
2022-01-12 03:39:35,1481108568418000897,@archerd1230 @Swarvester @SethMacFarlane I will give you another example‚Ä¶Since I am high risk‚Ä¶I ask nurses who are‚Ä¶ https://t.co/U7c4S12zoG,,[],https://twitter.com/user/status/1481108568418000897,Doctor Protest,0,0
2022-01-12 03:28:12,1481105705361088514,"@doctor_ishh_ @MedicosUnited @MedicosUnited, I came here for protest updates, not dating tips.",Indore/Jaipur/Hyderabad,[],https://twitter.com/user/status/1481105705361088514,Doctor Protest,0,2
2022-01-12 01:37:11,1481077767634841605,@DrDatta_AIIMS @sameeryasir @Banjotkaur @soumya_pillai @rishachitlangia @Anjali_Lhmc @Indian__doctor @KanishkAIIMS‚Ä¶ https://t.co/3yeNR62MdO,"Mumbai, India",[],https://twitter.com/user/status/1481077767634841605,Doctor Protest,0,0
2022-01-12 01:33:23,1481076811006189569,"This your reminder that Rand Paul is an Ophthalmologist, not a medical doctor, who was upset that you actually have‚Ä¶ https://t.co/SjdO4bWKz0","Portland, OR",[],https://twitter.com/user/status/1481076811006189569,Doctor Protest,0,5
2022-01-12 00:47:07,1481065168306319360,"@Andrew_McMillen @australian #Domicrom &amp; Hazard are politicians &amp; we shouldn‚Äôt expect better

Kerry Chant: Professi‚Ä¶ https://t.co/3g5oE14j07",,[],https://twitter.com/user/status/1481065168306319360,Doctor Protest,0,0
2022-01-11 22:35:23,1481032015696781312,"HOT MIC FAUCI!
The doctor doth protest too much, methinks.
@RogerMarshallMD 
@TuckerCarlson @IngrahamAngle https://t.co/H1sIjrjofz",THE GREAT STATE OF TEXAS!,['http://pbs.twimg.com/ext_tw_video_thumb/1481030459467481092/pu/img/OJDJ3M7qc2vIVD6J.jpg'],https://twitter.com/user/status/1481032015696781312,Doctor Protest,1,1
2022-01-11 21:43:45,1481019024062431233,@bernard_marc @SanchoTas @StephenPunwasi My unvaccinated husband can. He recovered faster than I did! He didn‚Äôt pro‚Ä¶ https://t.co/Xf3FztcGY2,,[],https://twitter.com/user/status/1481019024062431233,Doctor Protest,0,0
2022-01-11 21:34:20,1481016650610712580,Crowds of people protest arrest 79-yr-old homeopath who issued fake medical certificates to avoid Covid vax. Line 2‚Ä¶ https://t.co/mZq2pkolOQ,,[],https://twitter.com/user/status/1481016650610712580,Doctor Protest,0,3
2022-01-11 19:38:59,1480987623032250374,"@Gigithatgirl @dolphinman47 @ProjectLincoln In ‚Äò99, Paul set up &amp; was ""certified"" by the National Board of Ophthalm‚Ä¶ https://t.co/Ax7KIxJIWy",I dont remember,[],https://twitter.com/user/status/1480987623032250374,Doctor Protest,0,15
2022-01-11 18:37:29,1480972146063065090,"Fauci is soooo defensive about everything. The ""doctor"" doth protest too much, methinks. #ExposeFauci #FireFauci‚Ä¶ https://t.co/1WFyoIVIfv",S.E. Missouri,[],https://twitter.com/user/status/1480972146063065090,Doctor Protest,0,1
2022-01-11 16:37:40,1480941993475723267,"@atrupar I'll take the word of the REAL doctor over the fake doctor, .@RandPaul 

Paul set up and was ""certified"" b‚Ä¶ https://t.co/z3Hcsw768W","Los Angeles, California",[],https://twitter.com/user/status/1480941993475723267,Doctor Protest,0,0
2022-01-11 15:04:25,1480918526751916038,@Indian__doctor @ANI @VCofficeBHU May be ..... It's edited video ..... Aisa mujhe lgta hai becoz of its protest aga‚Ä¶ https://t.co/yQOsNh5lS7,"Varanasi, India",[],https://twitter.com/user/status/1480918526751916038,Doctor Protest,0,0
2022-01-11 08:29:08,1480819051014213632,@bandarmoment Yaar pls na he was beefing with me over that doctor's protest wala tweets ü§£ü§£ü§£,bean town,[],https://twitter.com/user/status/1480819051014213632,Doctor Protest,0,0
2022-01-11 03:05:01,1480737483008716804,"Every American living in poverty is the victim of violence ‚Äî political violence
Every child who doesn‚Äôt get enough‚Ä¶ https://t.co/POKisYMbF4",Reality,[],https://twitter.com/user/status/1480737483008716804,Doctor Protest,0,0
2022-01-11 03:03:13,1480737031324160003,"Every American living in poverty is the victim of violence ‚Äî political violence, indeed. Every child who doesn‚Äôt ge‚Ä¶ https://t.co/NLHbncGimP",Reality,[],https://twitter.com/user/status/1480737031324160003,Doctor Protest,0,0
2022-01-11 02:13:33,1480724530196742144,@sudhaShenoy1 @mansukhmandviya @NMC_IND @IMAIndiaOrg @jayalal10 @DrJayeshLele @RajanSharmaIMA @docraviw @FordaIndia‚Ä¶ https://t.co/0dnOF3Y4ww,,[],https://twitter.com/user/status/1480724530196742144,Doctor Protest,3,3
2022-01-11 02:04:29,1480722249220984832,@sudhaShenoy1 @Indian__doctor @PMOIndia @narendramodi @AmitShah @rajnathsingh @nitin_gadkari @myogiadityanath‚Ä¶ https://t.co/ZkSI3tbctO,,[],https://twitter.com/user/status/1480722249220984832,Doctor Protest,0,0
2022-01-11 00:35:54,1480699955891388417,"What petit dictator #Macron actually said was ""emmerde"" 
which translates to 
""bury in shit"" far worse than what hi‚Ä¶ https://t.co/vsabjESpx6","Dublin City, Ireland",[],https://twitter.com/user/status/1480699955891388417,Doctor Protest,0,0
2022-01-10 23:05:10,1480677122867974148,@ColorsTV @BiggBoss @BeingSalmanKhan Nobody wants to watch this fixed and biased show anymore - you kicked out the‚Ä¶ https://t.co/EnItEqWiSq,"Wigan, England",[],https://twitter.com/user/status/1480677122867974148,Doctor Protest,1,0
2022-01-10 22:22:10,1480666303132221444,@haikucreep I guess if I told the doctor? Good to know so I never mention a protest to my Dr.,"St Louis, MO",[],https://twitter.com/user/status/1480666303132221444,Doctor Protest,0,3
2022-01-10 21:38:43,1480655367600103425,@owenrumney @regwag2003 ‚ÄúYou know technically I may have only played an ‚Äòangry doctor at protest‚Äô in a Funny or Die‚Ä¶ https://t.co/nLOPVcyrhz,Burbank USA,[],https://twitter.com/user/status/1480655367600103425,Doctor Protest,0,5
2022-01-10 21:10:46,1480648334008324098,"@aproko_doctor E be like we go advise make u drink water tonight and try sleep  
If I hear pimm we will protest o",ibadan ,[],https://twitter.com/user/status/1480648334008324098,Doctor Protest,1,66
2022-01-10 20:31:51,1480638538530000900,@Zargoonaa K Cool your the Doctor you know better then me'  'humanity comes first' but phaary belt ka Ahtjaaaj (protest)üôã ha mera,"Birmingham, England",[],https://twitter.com/user/status/1480638538530000900,Doctor Protest,0,1
2022-01-10 16:31:44,1480578112710582277,@RKMittal9 @mansukhmandviya @NMC_IND @IMAIndiaOrg @jayalal10 @DrJayeshLele @RajanSharmaIMA @docraviw @FordaIndia‚Ä¶ https://t.co/edeNLFXCxP,"Mumbai, India",[],https://twitter.com/user/status/1480578112710582277,Doctor Protest,1,1
2022-01-10 16:29:41,1480577596777631744,@RKMittal9 @Indian__doctor @PMOIndia @narendramodi @AmitShah @rajnathsingh @nitin_gadkari @myogiadityanath‚Ä¶ https://t.co/AaHephU5pH,"Mumbai, India",[],https://twitter.com/user/status/1480577596777631744,Doctor Protest,1,1
2022-01-10 15:48:01,1480567109868478466,"The job of a doctor is to examine the patients and relieve their pain,  not to protest, but the selected in compete‚Ä¶ https://t.co/sX55xKNGGt","Quetta, Pakistan",[],https://twitter.com/user/status/1480567109868478466,Doctor Protest,12,6
2022-01-10 15:06:27,1480556650180141056,"55% medical colleges, not just seats, r reserved BASED ON CAPITATION

No protest ever!

ASSOCIATIONS funded by them‚Ä¶ https://t.co/3zjiav4lJq",,[],https://twitter.com/user/status/1480556650180141056,Doctor Protest,2,2
2022-01-10 15:06:10,1480556578348539906,@sudhaShenoy1 @Indian__doctor @PMOIndia @narendramodi @AmitShah @rajnathsingh @nitin_gadkari @myogiadityanath‚Ä¶ https://t.co/fpVyfytTYn,,[],https://twitter.com/user/status/1480556578348539906,Doctor Protest,1,1
2022-01-10 08:40:08,1480459429426302977,Ever seen doctors protest to increase intern &amp; resident seats in such overloaded institutes so that they can work i‚Ä¶ https://t.co/28g54XdahE,,[],https://twitter.com/user/status/1480459429426302977,Doctor Protest,3,3
2022-01-10 08:38:55,1480459125096017920,@TheQuint @FordaIndia @AnujAggarwal44 @QuintMyReport Ever seen doctors protest to increase intern &amp; resident seats‚Ä¶ https://t.co/j8pQyUDwPZ,,[],https://twitter.com/user/status/1480459125096017920,Doctor Protest,3,3
2022-01-10 08:29:44,1480456812948336642,@CDCDirector Every day you do not resign in protest will hang over your head and tarnish your legacy as a doctor and a human forever.,,[],https://twitter.com/user/status/1480456812948336642,Doctor Protest,0,0
2022-01-10 00:51:08,1480341404245241856,Imagine Emily try to protest the fact that a ‚ÄòWomen‚Äôs insane asylum‚Äô was treating women poorly simply for having an‚Ä¶ https://t.co/DqPUVVSlbF,üáπüáπ,[],https://twitter.com/user/status/1480341404245241856,Doctor Protest,0,1
2022-01-09 23:54:57,1480327262587133954,"@michaelharriot or tell 

your school, your employer, your grocer, your doctor what you want ?

is social media act‚Ä¶ https://t.co/3KNUnPNNpI","San Francisco, CA",[],https://twitter.com/user/status/1480327262587133954,Doctor Protest,0,2
2022-01-09 16:07:15,1480209563966136321,"The job of a doctor is to examine the patients and relieve their pain,  not to protest, but the selected in compete‚Ä¶ https://t.co/6khXNK83c4","Quetta, Pakistan",[],https://twitter.com/user/status/1480209563966136321,Doctor Protest,10,7
2022-01-09 15:05:49,1480194103476326401,"55% medical colleges, not just seats, r reserved BASED ON CAPITATION

No protest ever!

ASSOCIATIONS funded by them‚Ä¶ https://t.co/HFcekVghd7",,[],https://twitter.com/user/status/1480194103476326401,Doctor Protest,3,3
2022-01-09 15:05:26,1480194008286523395,"@HTMumbai @NeetFiles @shreyabhandary 55% medical colleges, not just seats, r reserved BASED ON CAPITATION

No prote‚Ä¶ https://t.co/YiZdysZN9u",,[],https://twitter.com/user/status/1480194008286523395,Doctor Protest,2,2
2022-01-09 12:52:06,1480160450587332608,"Rob Primo (Primerano), Grandmaster

It was all part of the plan to protest a doctor‚Äôs empty house at nighttime a fe‚Ä¶ https://t.co/ATC7ZbTzge",Toronto,[],https://twitter.com/user/status/1480160450587332608,Doctor Protest,2,10
2022-01-09 12:04:54,1480148572544782339,My sister is a doctor on the Covid ward. She is 29 and has spent the last 2 years of her life in a constant crisis‚Ä¶ https://t.co/i8luorkCSH,"Warsaw, Mazovia",[],https://twitter.com/user/status/1480148572544782339,Doctor Protest,4,25
2022-01-09 11:14:28,1480135883235934209,@ntvuganda Please we need no protest again Doctor please return to saving people life cause the more life you save the more God blessed you,Kigali,[],https://twitter.com/user/status/1480135883235934209,Doctor Protest,0,0
2022-01-09 09:12:34,1480105205584650243,"@AshaRaoRMIT Oh I agree. I bought navy under protest. All the theatre scrubs are navy. 
I‚Äôm currently mulling eggplant!",,[],https://twitter.com/user/status/1480105205584650243,Doctor Protest,0,1
2022-01-09 06:43:21,1480067652445868038,"@sharon_freddiee In the best of days they r understaffed!

Yet ever heard .@FordaIndia protest to increase intern &amp;‚Ä¶ https://t.co/5HUk598zpt",,[],https://twitter.com/user/status/1480067652445868038,Doctor Protest,0,0
2022-01-09 05:56:19,1480055818078859268,Honestly Black Jack being a disabled doctor who works without a license to protest the medical system that insisted‚Ä¶ https://t.co/6JiezNWwPV,United States,[],https://twitter.com/user/status/1480055818078859268,Doctor Protest,1,5
2022-01-09 04:13:41,1480029989118431232,"55% medical colleges, not just seats, r reserved BASED ON CAPITATION

No protest ever!

ASSOCIATIONS funded by them‚Ä¶ https://t.co/00wbJvMloX",,[],https://twitter.com/user/status/1480029989118431232,Doctor Protest,3,3
2022-01-09 03:43:28,1480022383352160256,"@shobiashok 55% medical colleges, not just seats, r reserved BASED ON CAPITATION

No protest ever!

ASSOCIATIONS fu‚Ä¶ https://t.co/lLjj694GrY",,[],https://twitter.com/user/status/1480022383352160256,Doctor Protest,3,3
2022-01-09 03:12:08,1480014500300345344,"55% medical colleges, not just seats, r reserved BASED ON CAPITATION

No protest ever!

ASSOCIATIONS funded by them‚Ä¶ https://t.co/EhrKEUJQIU",,[],https://twitter.com/user/status/1480014500300345344,Doctor Protest,2,3
2022-01-09 03:11:53,1480014436987408390,"@justhatemeplz 55% medical colleges, not just seats, r reserved BASED ON CAPITATION

No protest ever!

ASSOCIATIONS‚Ä¶ https://t.co/6ljmRidUyg",,[],https://twitter.com/user/status/1480014436987408390,Doctor Protest,2,3
2022-01-09 03:07:39,1480013369482506242,"@citybrr @FordaIndia @UPCHAR4 55% medical colleges, not just seats, r reserved BASED ON CAPITATION

No protest ever‚Ä¶ https://t.co/yukFC6x0LG",,[],https://twitter.com/user/status/1480013369482506242,Doctor Protest,4,4
2022-01-17 15:27:19,1483098618211012611,üôÑ from the man whose legacy includes removing the student nurse bursary &amp; junior doctor strikes!! https://t.co/lGcD6j4QHP,,[],https://twitter.com/user/status/1483098618211012611,Doctor Strikes,0,2
2022-01-17 15:01:09,1483092030570045442,"A doctor in Mekelle heard the attack on Monday, ""First I heard the sounds of jet &amp; also an explosion. In the aftern‚Ä¶ https://t.co/2X0SQ5NoqP",,[],https://twitter.com/user/status/1483092030570045442,Doctor Strikes,0,0
2022-01-17 10:25:20,1483022622103412740,@GMB @DrHilaryJones DOCTOR DOOM STRIKES AGAIN!!!, England,[],https://twitter.com/user/status/1483022622103412740,Doctor Strikes,0,0
2022-01-17 03:05:12,1482911857249853446,"A doctor in Mekelle heard the attack on Monday, ""First I heard the sounds of jet &amp; also an explosion. In the aftern‚Ä¶ https://t.co/qDmffeO3XU",,[],https://twitter.com/user/status/1482911857249853446,Doctor Strikes,1,0
2022-01-17 01:12:23,1482883465117048832,"@KohiBlend So she's a doctor + lab coat with a cool attitude to her, lol def strikes me as your fave.

I know you l‚Ä¶ https://t.co/74cYG2IgXB",Singapore,[],https://twitter.com/user/status/1482883465117048832,Doctor Strikes,0,1
2022-01-16 23:03:18,1482850981167583234,@noitbbygrogu @theserfstv Someone taking down their own work is the same as youtube copyright strikes? The good doc‚Ä¶ https://t.co/JXpKuF9E1J,,[],https://twitter.com/user/status/1482850981167583234,Doctor Strikes,0,1
2022-01-16 20:34:32,1482813540520103943,"A doctor in Mekelle heard the attack on Monday, ""First I heard the sounds of jet &amp; also an explosion. In the aftern‚Ä¶ https://t.co/Ku23y3v47N",,[],https://twitter.com/user/status/1482813540520103943,Doctor Strikes,0,0
2022-01-16 18:47:12,1482786532255625219,"A doctor in Mekelle heard the attack on Monday, ""First I heard the sounds of jet &amp; also an explosion. In the aftern‚Ä¶ https://t.co/AIx39KsooA",,[],https://twitter.com/user/status/1482786532255625219,Doctor Strikes,0,0
2022-01-16 14:52:13,1482727396084224006,"What!?!
So, how do you explain drone strikes at places other than mekele? Or at times when no emissary visited meke‚Ä¶ https://t.co/Wey8kRW5Pn",,[],https://twitter.com/user/status/1482727396084224006,Doctor Strikes,0,0
2022-01-16 11:09:40,1482671390268563457,"A doctor in Mekelle heard the attack on Monday, ""First I heard the sounds of jet &amp; also an explosion. In the aftern‚Ä¶ https://t.co/s4PPkM1wCk",,[],https://twitter.com/user/status/1482671390268563457,Doctor Strikes,1,1
2022-01-16 04:39:40,1482573242866929665,"Go's strikes have always been fierce, damn. Milano just got the Doctor Strange experience https://t.co/2DEMi0sfpW",Greenvale,['http://pbs.twimg.com/tweet_video_thumb/FJMogBkVUAIZtfZ.jpg'],https://twitter.com/user/status/1482573242866929665,Doctor Strikes,0,0
2022-01-16 04:02:18,1482563839250120709,"A doctor in Mekelle heard the attack on Monday, ""First I heard the sounds of jet &amp; also an explosion. In the aftern‚Ä¶ https://t.co/wJ2ShgS4QK",,[],https://twitter.com/user/status/1482563839250120709,Doctor Strikes,0,0
2022-01-16 03:06:35,1482549816223748100,"A doctor in Mekelle heard the attack on Monday, ""First I heard the sounds of jet &amp; also an explosion. In the aftern‚Ä¶ https://t.co/Ry4ASVjnz0",,[],https://twitter.com/user/status/1482549816223748100,Doctor Strikes,0,0
2022-01-15 23:44:49,1482499039929188358,@drjohnm @robinhanson Same vein as this?  https://t.co/jGheYtJ3bw,,[],https://twitter.com/user/status/1482499039929188358,Doctor Strikes,0,1
2022-01-15 23:27:27,1482494671553241090,"A doctor in Mekelle heard the attack on Monday, ""First I heard the sounds of jet &amp; also an explosion. In the aftern‚Ä¶ https://t.co/VmaamSUOq2",,[],https://twitter.com/user/status/1482494671553241090,Doctor Strikes,3,2
2022-01-15 22:59:12,1482487562015068160,‚ÄúCivilians homes damaged &amp; has received five wounded people.‚Äù said a doctor. #StopBombingTigray #MekelleUnderAttack‚Ä¶ https://t.co/UBrPfrl9tm,,[],https://twitter.com/user/status/1482487562015068160,Doctor Strikes,0,1
2022-01-15 21:30:32,1482465247877545985,@hillsnumerology This woman has a PhD in computer science. She is not a medical doctor. She should sit down with he‚Ä¶ https://t.co/fRORfW3fpe,,[],https://twitter.com/user/status/1482465247877545985,Doctor Strikes,0,6
2022-01-15 21:07:13,1482459377722597377,"So. A free dumb doctor in England points out that only 17,300 deaths have occurred in which COVID was the only caus‚Ä¶ https://t.co/Ef2QcApVda","Footscray, Melbourne",[],https://twitter.com/user/status/1482459377722597377,Doctor Strikes,0,3
2022-01-15 19:46:12,1482438990221529088,@amefarmes @RichLux713 @h3h3productions @YouTube Ethan has literally been helping content creators that Trisha's be‚Ä¶ https://t.co/csrJ00Kn6i,,[],https://twitter.com/user/status/1482438990221529088,Doctor Strikes,0,1
2022-01-15 19:37:32,1482436809334435847,"@resisterlib I'm actually going to suggest a ""three strikes"" thing:

a) Report this doctor to the medical board, as‚Ä¶ https://t.co/8IIBne7ICT",somewhere in a literal heap,[],https://twitter.com/user/status/1482436809334435847,Doctor Strikes,0,1
2022-01-15 19:23:53,1482433374400696320,"A doctor in Mekelle heard the attack on Monday, ""First I heard the sounds of jet &amp; also an explosion. In the aftern‚Ä¶ https://t.co/GBOAnbZXtm",,[],https://twitter.com/user/status/1482433374400696320,Doctor Strikes,1,0
2022-01-15 18:05:45,1482413712002670594,"A doctor in Mekelle heard the attack on Monday, ""First I heard the sounds of jet &amp; also an explosion. In the aftern‚Ä¶ https://t.co/Zr4vxrb6Bk",,[],https://twitter.com/user/status/1482413712002670594,Doctor Strikes,2,0
2022-01-15 17:54:57,1482410994970279938,"A doctor in Mekelle heard the attack on Monday, ""First I heard the sounds of jet &amp; also an explosion. In the aftern‚Ä¶ https://t.co/BeKXo2v6uu",,[],https://twitter.com/user/status/1482410994970279938,Doctor Strikes,0,0
2022-01-15 17:03:46,1482398113046355973,"A doctor in Mekelle heard the attack on Monday, ""First I heard the sounds of jet &amp; also an explosion. In the aftern‚Ä¶ https://t.co/K0hUA5ba33",Adwa,[],https://twitter.com/user/status/1482398113046355973,Doctor Strikes,0,0
2022-01-15 14:01:10,1482352158771236864,"A doctor in Mekelle heard the attack on Monday, ""First I heard the sounds of jet &amp; also an explosion. In the aftern‚Ä¶ https://t.co/1QtEewMumn",Skip for now,[],https://twitter.com/user/status/1482352158771236864,Doctor Strikes,60,50
2022-01-15 11:35:40,1482315545219317760,"@DavidMo50860521 @YouTube Strikes me, he's relatively young, an accomplished doctor lives in a multi-million-pound‚Ä¶ https://t.co/uK7Cz025rd",,[],https://twitter.com/user/status/1482315545219317760,Doctor Strikes,0,2
2022-01-15 11:30:15,1482314180178948100,@doctor_oxford One thing strikes me about the ‚Äòconfessions‚Äô of rule breaking coming out on radio or social media wh‚Ä¶ https://t.co/TogSYC75ho,"Billingshurst, UK",[],https://twitter.com/user/status/1482314180178948100,Doctor Strikes,0,2
2022-01-15 09:27:36,1482283315579080714,@RKMittal9 @YoDha_16 @HaryaxPathak @Bethechange901 @RL_Virani @ngadhiya97 @drharshaljoshi @JatinkumbhaniM‚Ä¶ https://t.co/Eh6A4Wxz1p,Delhi,[],https://twitter.com/user/status/1482283315579080714,Doctor Strikes,1,0
2022-01-15 08:21:37,1482266710870736896,"A doctor in Mekelle heard the attack on Monday, ""First I heard the sounds of jet &amp; also an explosion. In the aftern‚Ä¶ https://t.co/hnU8jwezvg",,[],https://twitter.com/user/status/1482266710870736896,Doctor Strikes,0,0
2022-01-15 06:59:35,1482246067378814980,@WWE @WWE_Aliyah @NatbyNature Why did it have to be Natalya of all people....at least throw her Carmella or Dana Br‚Ä¶ https://t.co/YdLJaeg1L2,Parts Unknown,[],https://twitter.com/user/status/1482246067378814980,Doctor Strikes,0,2
2022-01-15 01:48:39,1482167817436905472,"@lil_laur_ This is the same dad who was told by his doctor in 1941 ""those camels are going to kill you"" so he switc‚Ä¶ https://t.co/QldvJKqr8n",St. Louis,[],https://twitter.com/user/status/1482167817436905472,Doctor Strikes,0,1
2022-01-14 23:54:26,1482139071765835779,"A doctor in Mekelle heard the attack on Monday, ""First I heard the sounds of jet &amp; also an explosion. In the aftern‚Ä¶ https://t.co/Zpk0xdz1Up",,[],https://twitter.com/user/status/1482139071765835779,Doctor Strikes,0,0
2022-01-14 23:41:50,1482135902440861696,"@DeanObeidallah @DeanObeidallah Your friends in the news and in politics profit off death everyday, bomb strikes in‚Ä¶ https://t.co/ZcDlt3y9jZ","Orange County, New York ",[],https://twitter.com/user/status/1482135902440861696,Doctor Strikes,0,0
2022-01-14 21:03:22,1482096022209712128,oops I got to the doctor 20 minutes early. anxiety plus excitement strikes again,norcal,[],https://twitter.com/user/status/1482096022209712128,Doctor Strikes,0,1
2022-01-14 20:20:42,1482085286314012672,Morbius the Living Vampire Strikes Back! #48: X-Man has to face off against Doctor Doom. Uh oh.,The Library of Babble,[],https://twitter.com/user/status/1482085286314012672,Doctor Strikes,0,0
2022-01-14 18:23:23,1482055761165443076,"A doctor in #Mekelle heard the attack on Monday morning. ""First I heard the sounds of jet &amp; also an explosion from‚Ä¶ https://t.co/9U6fri3J6F",,[],https://twitter.com/user/status/1482055761165443076,Doctor Strikes,0,0
2022-01-14 18:15:31,1482053783458832385,"A doctor in Mekelle heard the attack on Monday, ""First I heard the sounds of jet &amp; also an explosion. In the aftern‚Ä¶ https://t.co/bwpcPhp6zS",,[],https://twitter.com/user/status/1482053783458832385,Doctor Strikes,0,0
2022-01-14 17:40:03,1482044854767132679,"A doctor in Mekelle heard the attack on Monday, ""First I heard the sounds of jet &amp; also an explosion. In the aftern‚Ä¶ https://t.co/B0qBI3oVzB",,[],https://twitter.com/user/status/1482044854767132679,Doctor Strikes,0,0
2022-01-14 16:31:59,1482027724927471618,@CNBCi The Doctor cries out as it strikes you,Utah,[],https://twitter.com/user/status/1482027724927471618,Doctor Strikes,0,2
2022-01-14 15:39:00,1482014394028544000,@news6wkmg #DeathSantis strikes again.  where is his witch-doctor?,"Orlando, FL",[],https://twitter.com/user/status/1482014394028544000,Doctor Strikes,0,2
2022-01-14 14:36:30,1481998663106936845,"A doctor in Mekelle heard the attack on Monday, ""First I heard the sounds of jet &amp; also an explosion. In the aftern‚Ä¶ https://t.co/dfhwXxCB1G",,[],https://twitter.com/user/status/1481998663106936845,Doctor Strikes,0,0
2022-01-14 10:46:39,1481940822052552706,‚ÄúCivilians homes damaged &amp; has received five wounded people.‚Äù said a doctor. #StopBombingTigray #MekelleUnderAttack‚Ä¶ https://t.co/o6Qhfx14cZ,,[],https://twitter.com/user/status/1481940822052552706,Doctor Strikes,1,1
2022-01-14 08:15:59,1481902903656955905,@UlyssesArtist @Galifreyboi This point always strikes me odd - Moffat has vehemently denied that there isn't a cano‚Ä¶ https://t.co/D4QXCn98ej,Birmingham-ish,[],https://twitter.com/user/status/1481902903656955905,Doctor Strikes,0,1
2022-01-14 07:12:31,1481886932242255876,"@knoweuro @DrAseemMalhotra Without knowing their reasons for not releasing this data it‚Äôs impossible to say, just s‚Ä¶ https://t.co/944G5jS9Ww","Birmingham, UK",[],https://twitter.com/user/status/1481886932242255876,Doctor Strikes,0,0
2022-01-14 06:49:48,1481881216991248384,@SimonBoitoult and Jeremy Hunt was very toxic for the NHS -‚Äòdoctor Gp strikes etc- and we have potentially the remo‚Ä¶ https://t.co/R8zLeI90D4,,[],https://twitter.com/user/status/1481881216991248384,Doctor Strikes,0,0
2022-01-14 01:09:49,1481795654095572993,"Why would this spin doctor omit the most severe outcome of all?  Deaths rising.  Geesh, the decrepit BC intellectua‚Ä¶ https://t.co/Rf9kqhCSas",,[],https://twitter.com/user/status/1481795654095572993,Doctor Strikes,1,4
2022-01-14 00:41:44,1481788588908032008,"In a country of doctor's strikes and  poor healthcare, 

Everyone should learn First Aid and CPR.","Lagos, Nigeria",[],https://twitter.com/user/status/1481788588908032008,Doctor Strikes,1,4
2022-01-13 20:59:10,1481732579820716040,"A doctor in Mekelle heard the attack on Monday, ""First I heard the sounds of jet &amp; also an explosion. In the aftern‚Ä¶ https://t.co/V4tnd0BGT4", ·â∞·à∞·çà ·ä•·ã© ·à∞·äï·âÄ·ã≠ ·ãç·âÖ·ã´·äê·à∞ ·ä•·ã© ·ãì·âÖ·àà·ã≠,[],https://twitter.com/user/status/1481732579820716040,Doctor Strikes,0,0
2022-01-13 19:00:01,1481702592824721410,Now Playing / Doctor Coffin Prescription Pills Episode 3 by Doctor Coffin Strikes Again!!,,[],https://twitter.com/user/status/1481702592824721410,Doctor Strikes,0,0
2022-01-13 16:39:54,1481667333391216640,@olsonplanner @jtrebach The punny doctor ally strikes again!,PDX,[],https://twitter.com/user/status/1481667333391216640,Doctor Strikes,0,15
2022-01-13 16:08:06,1481659327081496579,"@Doctor_HooLock We're all about ideas! If you're a Scentsy Consultant, check out Idea Share on your Workstation whe‚Ä¶ https://t.co/FYstVUEXQc",,[],https://twitter.com/user/status/1481659327081496579,Doctor Strikes,0,1
2022-01-13 15:22:54,1481647955425718272,"Hours after #TwitterBan was lifted, Shepeteri Twitter strikes again, as tweep set herself up for dragging

Aproko D‚Ä¶ https://t.co/wwJTBK8mql",TwitterNG,[],https://twitter.com/user/status/1481647955425718272,Doctor Strikes,34,140
2022-01-13 14:58:35,1481641833868382208,If you're a doctor and you're not doing a deep dive on Covid risk factors and the actual statistics on side effects‚Ä¶ https://t.co/84Wh1wbVtU,"New York, NY",[],https://twitter.com/user/status/1481641833868382208,Doctor Strikes,103,421
2022-01-13 12:35:00,1481605701130674180,"Drone strikes kill 19 in Ethiopia's Tigray: aid workers, doctor https://t.co/GAjoiPfScY",United States of America,[],https://twitter.com/user/status/1481605701130674180,Doctor Strikes,0,0
2022-01-13 12:22:47,1481602626739642370,"Drone strikes kill 19 in Ethiopia's Tigray: aid workers, doctor https://t.co/dVnE09pg0G via @YahooNews","Kericho,kenya",[],https://twitter.com/user/status/1481602626739642370,Doctor Strikes,0,0
2022-01-13 09:21:44,1481557062261817346,"@carlwager96 @theStarWarsHQ Yep. He‚Äôs Canon again. 
Durge is featured in The War of the Bounty Hunter Doctor Aphra‚Ä¶ https://t.co/pB9iZCmp8N",United States,[],https://twitter.com/user/status/1481557062261817346,Doctor Strikes,0,0
2022-01-13 01:22:07,1481436363446755328,"@ImagoStudiosVid @abby_dandy Somehow 
This strikes us as a
Doctor Who
Episode gone
Horribly Horribly 
Wrong
ü§é","Nowhere, CT",[],https://twitter.com/user/status/1481436363446755328,Doctor Strikes,0,1
2022-01-12 23:25:47,1481407087938842624,"@elisaperego78 It strikes me that Omicron in the unvaccinated/unimmune is just as nasty as other variants, given mo‚Ä¶ https://t.co/6jy9RAP2xq","Wales, United Kingdom",[],https://twitter.com/user/status/1481407087938842624,Doctor Strikes,0,1
2022-01-12 22:44:53,1481396793699151876,‚ÄúCivilians homes damaged &amp; has received five wounded people.‚Äù said a doctor. #StopBombingTigray #MekelleUnderAttack‚Ä¶ https://t.co/DpVvPe4YF6,"Uppsala, Sverige",[],https://twitter.com/user/status/1481396793699151876,Doctor Strikes,1,0
2022-01-12 22:34:51,1481394268619128835,"A doctor in #Mekelle heard the attack on Monday morning. ""First I heard the sounds of jet &amp; also an explosion from‚Ä¶ https://t.co/u8gTpqohjI",,[],https://twitter.com/user/status/1481394268619128835,Doctor Strikes,0,0
2022-01-12 22:22:55,1481391265413537794,"A doctor in Mekelle heard the attack on Monday, ""First I heard the sounds of jet &amp; also an explosion. In the aftern‚Ä¶ https://t.co/lKuAQ46d4e",,[],https://twitter.com/user/status/1481391265413537794,Doctor Strikes,0,1
2022-01-12 22:10:47,1481388211234557956,"#LATEST: Premier Doug Ford says Ontario is ""not going down that road"" when it comes to taxing the unvaccinated whil‚Ä¶ https://t.co/KIA7F32Xj7","Toronto, Ontario",[],https://twitter.com/user/status/1481388211234557956,Doctor Strikes,31,221
2022-01-12 21:11:01,1481373171076976640,@keithfrankish @JohnRGregg3 @NeuroYogacara Back to the blood-pumping vs. thump-thumping: why isn't the thump-thumpi‚Ä¶ https://t.co/8B9kEYIqFu,The Abyss,[],https://twitter.com/user/status/1481373171076976640,Doctor Strikes,0,0
2022-01-12 20:55:10,1481369182352650247,"A doctor in Mekelle heard the attack on Monday, ""First I heard the sounds of jet &amp; also an explosion. In the aftern‚Ä¶ https://t.co/ICVSkjhthG",,[],https://twitter.com/user/status/1481369182352650247,Doctor Strikes,2,2
2022-01-12 19:16:12,1481344275996622851,@parthaskar @AntonEmmanuel2 @NikkiKF @NHSEngland @rogerkline @DrHNaqvi @TharushaGunawa4 @DrLKVaughan @docwas‚Ä¶ https://t.co/gvCmWP5uAW,,[],https://twitter.com/user/status/1481344275996622851,Doctor Strikes,0,2
2022-01-12 16:06:30,1481296540090212358,"Drone strikes kill 19 in Ethiopia's Tigray: aid workers, doctor https://t.co/wWCyCJWbUs via @Yahoo",,[],https://twitter.com/user/status/1481296540090212358,Doctor Strikes,2,6
2022-01-12 12:55:16,1481248412423135233,"@doctor_jekel @mikeywaters3 Yes, I'm sorry, I don't have much imagination for this game - and I probably don't have‚Ä¶ https://t.co/NVLrQbppjp","Porto Alegre, Brazil",[],https://twitter.com/user/status/1481248412423135233,Doctor Strikes,0,2
2022-01-12 12:27:08,1481241331024412676,"Drone strikes kill 19 in Ethiopia‚Äôs Tigray: aid workers, doctor ‚Äì Arab News

ChronLaw Conflict of Laws News
at‚Ä¶ https://t.co/mnRtGuPbLr","Houston, TX",[],https://twitter.com/user/status/1481241331024412676,Doctor Strikes,0,0
2022-01-12 12:09:37,1481236925688201219,Covid: Unvaccinated doctor says she is set to lose her job if she does n... https://t.co/YDzftvICZN via @YouTube I‚Ä¶ https://t.co/sN6AiNsoiF,,[],https://twitter.com/user/status/1481236925688201219,Doctor Strikes,1,4
2022-01-12 11:00:05,1481219426330546180,"üá≥üá¨ Drone strikes kill 19 in Ethiopia's Tigray: aid workers, doctor | The Guardian Nigeria News - Nigeria and World‚Ä¶ https://t.co/ini9f5pxka",,[],https://twitter.com/user/status/1481219426330546180,Doctor Strikes,1,0
2022-01-12 10:37:13,1481213670663364608,"Drone strikes kill 19 in Ethiopia's Tigray: aid workers, doctor https://t.co/ANnrm9qdNr",,[],https://twitter.com/user/status/1481213670663364608,Doctor Strikes,0,0
2022-01-12 10:08:47,1481206514413146115,"Drone strikes kill 19 in Ethiopia's Tigray: aid workers, doctor https://t.co/XynkwTVOy8","Frankfurt on the Main, Germany",[],https://twitter.com/user/status/1481206514413146115,Doctor Strikes,1,0
2022-01-12 09:53:35,1481202690831101952,"Drone strikes kill 19 in Ethiopia's Tigray: aid workers, doctor https://t.co/HbDQPm7QoU",,[],https://twitter.com/user/status/1481202690831101952,Doctor Strikes,0,0
2022-01-12 08:32:44,1481182343473807370,"Drone strikes kill 19 in Ethiopia's Tigray: aid workers, doctor https://t.co/HOsGwhAeSg https://t.co/2rqzsI64o5 #news",,[],https://twitter.com/user/status/1481182343473807370,Doctor Strikes,0,0
2022-01-12 08:27:45,1481181088366145539,"Drone strikes kill 19 in Ethiopia's Tigray: aid workers, doctor https://t.co/SeD1QpjB6V https://t.co/4OXXjs3lMu",,['http://pbs.twimg.com/media/FI42WdSXwAMPAKu.jpg'],https://twitter.com/user/status/1481181088366145539,Doctor Strikes,0,0
2022-01-12 07:16:33,1481163173059342337,Today I listened to a Star Wars podcast while I did some chores. Watched some Star Wars TikToks to avoid other chor‚Ä¶ https://t.co/zAcsrJUinm,"Greenville, SC, USA",[],https://twitter.com/user/status/1481163173059342337,Doctor Strikes,0,0
2022-01-12 06:20:04,1481148959385083904,"Drone strikes kill 19 in #Tigray: aid workers, doctor https://t.co/gcmTk3CZY6",,[],https://twitter.com/user/status/1481148959385083904,Doctor Strikes,0,0
2022-01-12 06:15:41,1481147852277829634,"Drone strikes kill 19 in Ethiopia's Tigray: aid workers, doctor https://t.co/g1wmz5ev9b",On the Earth ,[],https://twitter.com/user/status/1481147852277829634,Doctor Strikes,1,1
2022-01-12 06:08:16,1481145987376812033,"Drone strikes kill 19 in Ethiopia‚Äôs Tigray: aid workers, doctor - https://t.co/AizbmeeCw9","3 Adetoun close, off college road, ogba, Ikeja Lagos state",[],https://twitter.com/user/status/1481145987376812033,Doctor Strikes,0,0
2022-01-12 04:36:25,1481122871799857160,"Drone strikes kill 19 in Ethiopia‚Äôs Tigray: aid workers, doctor https://t.co/TA96IgSG2q",Lagos,[],https://twitter.com/user/status/1481122871799857160,Doctor Strikes,0,0
2022-01-12 03:14:41,1481102304191385603,"Drone strikes kill 19 in Ethiopia&amp;#8217;s Tigray: aid workers, doctor https://t.co/GgNvKABD30",,[],https://twitter.com/user/status/1481102304191385603,Doctor Strikes,0,0
2022-01-12 02:59:11,1481098404021387265,"Drone strikes kill 19 in Ethiopia's Tigray: aid workers, doctor | The Guardian Nigeria News - Nige... https://t.co/G168IuIHPX #drone #uav",,[],https://twitter.com/user/status/1481098404021387265,Doctor Strikes,0,0
2022-01-11 23:59:11,1481053105944936453,"Drone strikes kill 19 in Ethiopia's Tigray: aid workers, doctor https://t.co/6zdCr67ryS #drone #uav",,[],https://twitter.com/user/status/1481053105944936453,Doctor Strikes,0,0
2022-01-11 23:07:30,1481040097675988996,"#Tigray #Ethiopia|n Drone strikes kill 19 in Ethiopia's Tigray region: aid workers, doctor https://t.co/E0Ve6fZz9C","Tigray, Ethiopia",[],https://twitter.com/user/status/1481040097675988996,Doctor Strikes,0,1
2022-01-11 23:03:34,1481039107593805826,@PandaPanda1025 @karol Says the guy whose news sources are Rand Paul and Clay Travis. What is Randy a Doctor of aga‚Ä¶ https://t.co/1ZGzzrLZSj,,[],https://twitter.com/user/status/1481039107593805826,Doctor Strikes,0,0
2022-01-11 22:53:36,1481036600884797445,"Drone strikes kill 19 in Ethiopia&amp;#8217;s Tigray: aid workers, doctor https://t.co/bSavVlMsyi üò≠üò≠@CNNAfrica
@nytimes‚Ä¶ https://t.co/qh1JZJJigT",,[],https://twitter.com/user/status/1481036600884797445,Doctor Strikes,2,2
2022-01-11 22:52:43,1481036376254685185,"Drone strikes kill 19 in Ethiopia&amp;#8217;s Tigray: aid workers, doctor https://t.co/bSavVlMsyi @nypost
@AP
@AFP‚Ä¶ https://t.co/jawYzDc4bS",,[],https://twitter.com/user/status/1481036376254685185,Doctor Strikes,1,1
2022-01-11 22:52:13,1481036252954693638,"Drone strikes kill 19 in Ethiopia&amp;#8217;s Tigray: aid workers, doctor https://t.co/bSavVlMsyi",,[],https://twitter.com/user/status/1481036252954693638,Doctor Strikes,2,2
2022-01-11 22:40:51,1481033392388988930,What can I say when everybody knows everything of the #TigrayGenocide and approves the eradication of an entire pop‚Ä¶ https://t.co/7VFltcgxfa,,[],https://twitter.com/user/status/1481033392388988930,Doctor Strikes,1,1
2022-01-11 21:56:01,1481022110298484738,"Drone strikes kill 19 in Ethiopia‚Äôs Tigray: aid workers,¬†doctor https://t.co/nnhHqhelxw",United Kingdom,[],https://twitter.com/user/status/1481022110298484738,Doctor Strikes,0,0
2022-01-11 21:41:29,1481018453351972866,"Too sad! Today 19 ppl have been killed in #Tigray by drone strike. 

At z town of MaiTsebri 17 were killed,many inj‚Ä¶ https://t.co/rkSiN3Qgjb",,[],https://twitter.com/user/status/1481018453351972866,Doctor Strikes,0,0
2022-01-11 21:35:05,1481016842940555264,Fact-check: Have there been any hospitalizations because of Omicron? https://t.co/SxT9Zk8Jbz via @Yahoo DOCTOR DUMB‚Ä¶ https://t.co/1RqELCPj42,,[],https://twitter.com/user/status/1481016842940555264,Doctor Strikes,0,0
2022-01-11 21:04:38,1481009177203904513,"A nurse bursts into the surgery wing, sweat staining her face. ‚ÄúDOCTOR!‚Äù She screams ‚ÄúWE DIDNT GIVE HIM THE RIGHT A‚Ä¶ https://t.co/pAtxlBGjyW",,[],https://twitter.com/user/status/1481009177203904513,Doctor Strikes,1,24
2022-01-11 20:41:40,1481003398816280584,"Drone strikes kill 19 in Ethiopia's Tigray: aid workers, doctor | The Guardian Nigeria News - Nigeria and World News https://t.co/IJpH7YjGhr",Nigeria,[],https://twitter.com/user/status/1481003398816280584,Doctor Strikes,219,198
2022-01-11 20:37:15,1481002288462409736,Rebels from the Tigray People's Liberation Front (TPLF) say government forces are continuing to wage air strikes de‚Ä¶ https://t.co/X8PBuQ9xNH,"Kampala, Uganda",[],https://twitter.com/user/status/1481002288462409736,Doctor Strikes,0,21
2022-01-11 20:20:14,1480998002512826368,"Drone strikes kill 19 in Ethiopia's Tigray: aid workers, doctor https://t.co/dLC7AcOUGM","Accra, Ghana",[],https://twitter.com/user/status/1480998002512826368,Doctor Strikes,0,0
2022-01-11 19:59:59,1480992909369434114,Now Playing / Doctor Coffin Prescription Pills Episode 3 by Doctor Coffin Strikes Again!!,,[],https://twitter.com/user/status/1480992909369434114,Doctor Strikes,0,0
2022-01-11 19:40:02,1480987887495753736,"Drone strikes kill 19 in Ethiopia's Tigray: aid workers, doctor  https://t.co/NvN0xMIGP0",,[],https://twitter.com/user/status/1480987887495753736,Doctor Strikes,0,0
2022-01-11 19:01:19,1480978142206599169,"Drone strikes kill 19 in Ethiopia‚Äôs Tigray: aid workers,¬†doctor https://t.co/9Ib1I2PJ9X",,[],https://twitter.com/user/status/1480978142206599169,Doctor Strikes,0,0
2022-01-11 18:55:10,1480976595238150150,"Drone strikes kill 19 in Ethiopia's Tigray: aid workers, doctor  https://t.co/bSrBHqXQZK",Worldwide,[],https://twitter.com/user/status/1480976595238150150,Doctor Strikes,0,0
2022-01-11 18:52:37,1480975954587516928,"Nineteen people have been killed in drone strikes in Ethiopia's Tigray over the past two days, aid workers and hosp‚Ä¶ https://t.co/k8dkk5TKs0",Nigeria,[],https://twitter.com/user/status/1480975954587516928,Doctor Strikes,0,0
2022-01-11 18:48:28,1480974910847660035,"Drone strikes kill 19 in Ethiopia‚Äôs Tigray: aid workers,¬†doctor https://t.co/ErfNfBrf9m",Nigeria,[],https://twitter.com/user/status/1480974910847660035,Doctor Strikes,0,0
2022-01-11 18:44:03,1480973798073683974,"Drone strikes kill 19 in Ethiopia's Tigray: aid workers, doctor https://t.co/JQaYHt0TzM https://t.co/zHQLj5dl8D",Pakistan,['http://pbs.twimg.com/media/FI150b5XEAI-9gO.jpg'],https://twitter.com/user/status/1480973798073683974,Doctor Strikes,0,5
2022-01-11 10:44:22,1480853080891559936,"THOUSANDS Of Doctors/Medicos Test COVID-POSITIVE Across India.

If GOI/States Had Acted Against ILLEGAL-DOCTOR-STRI‚Ä¶ https://t.co/224V52ubXn",,[],https://twitter.com/user/status/1480853080891559936,Doctor Strikes,0,0
2022-01-11 07:56:15,1480810773660065792,@TonyHWindsor The Freemantle Doctor strikes again. üòÇThis is a joke showing my very old age ü§£,covid safe,[],https://twitter.com/user/status/1480810773660065792,Doctor Strikes,0,0
2022-01-11 07:19:27,1480801514071363586,"COVID COVID COVID
A New Vaccine
The Covid Strikes Back
Return of the Vaccine
The Alpha Menace
Attack of The Delta
R‚Ä¶ https://t.co/cyC25Wl0dx","Bangkok, Thailand",[],https://twitter.com/user/status/1480801514071363586,Doctor Strikes,1,2
2022-01-11 06:41:49,1480792044146618369,"A doctor in #Mekelle heard the attack on Monday morning. ""First I heard the sounds of jet &amp; also an explosion from‚Ä¶ https://t.co/Yq6OWK1ToN",,[],https://twitter.com/user/status/1480792044146618369,Doctor Strikes,0,0
2022-01-11 06:36:29,1480790698886524929,"A doctor in Mekelle heard the attack on Monday, ""First I heard the sounds of jet &amp; also an explosion. In the aftern‚Ä¶ https://t.co/8qnmqAywya",,[],https://twitter.com/user/status/1480790698886524929,Doctor Strikes,0,0
2022-01-11 01:17:52,1480710517597646849,"haste, pulls the pills from his pocket and drops one into his wife's coffee. He reflects for a moment, hesitates, t‚Ä¶ https://t.co/JEr9uRnCVQ",,[],https://twitter.com/user/status/1480710517597646849,Doctor Strikes,0,0
2022-01-10 22:37:16,1480670099979657216,Kishwer-Suyyash‚Äôs son Nirvair and Aditi-Mohit‚Äôs son Ekbir test COVID positive; Umar Riaz strikes back at Geeta Kapu‚Ä¶ https://t.co/9QRjXrMmmt,USA,[],https://twitter.com/user/status/1480670099979657216,Doctor Strikes,0,0
2022-01-10 21:26:46,1480652359701123072,"Said the ‚ÄòMan‚Äô that incited the murder of Doctor George Tiller as his own years long crusade.
‚Ä¢
Bill O'Reilly Claim‚Ä¶ https://t.co/QFv7qNyBwJ",United States,[],https://twitter.com/user/status/1480652359701123072,Doctor Strikes,0,0
2022-01-10 20:26:30,1480637191680372741,‚ÄúCivilians homes damaged &amp; has received five wounded people.‚Äù said a doctor. #StopBombingTigray #MekelleUnderAttack‚Ä¶ https://t.co/amrwXPMm45,,[],https://twitter.com/user/status/1480637191680372741,Doctor Strikes,0,0
2022-01-10 20:12:31,1480633673170968577,..@PMEthiopia has to make some over the top gesture that US can then frame as a pretext for setting up the phone ca‚Ä¶ https://t.co/7FQloD4HrM,,[],https://twitter.com/user/status/1480633673170968577,Doctor Strikes,0,0
2022-01-10 19:42:56,1480626230340866048,"@doctor_oxford @10DowningStreet @BorisJohnson ""3 strikes, &amp; he's out.""
- Sir Roger Gale last month.
He's into doubl‚Ä¶ https://t.co/pWSsL8n33b",,[],https://twitter.com/user/status/1480626230340866048,Doctor Strikes,18,85
2022-01-10 19:07:13,1480617240806445069,all of spidermans growth is dependent on the problems other heroes give him. tony allows spiderman to grow by remov‚Ä¶ https://t.co/H7SjjhnOLv,"Texas, USA",[],https://twitter.com/user/status/1480617240806445069,Doctor Strikes,0,1
2022-01-10 18:24:55,1480606595788808203,@MachariaMD @SalimAbebe @2022FK Who do guys on strikes? That is more than a junior doctor in UK minus overtime.,cardiff ,[],https://twitter.com/user/status/1480606595788808203,Doctor Strikes,0,1
2022-01-10 15:21:35,1480560458419646468,"One camp advocates the teachings of Jesus: ""But if anyone strikes you on the right cheek, turn to him the left chee‚Ä¶ https://t.co/3SfnQABRb5",,[],https://twitter.com/user/status/1480560458419646468,Doctor Strikes,0,2
2022-01-10 14:05:46,1480541379881283596,Time to Write #7: Training your mind to think like a writer counts as writing time. At Walmart or the doctor's offi‚Ä¶ https://t.co/WRaHrCr7Ks,,[],https://twitter.com/user/status/1480541379881283596,Doctor Strikes,0,2
2022-01-10 11:16:52,1480498872229191691,"A doctor in Mekelle heard the attack on Monday, ""First I heard the sounds of jet &amp; also an explosion. In the aftern‚Ä¶ https://t.co/pCJK2ZNqIt",,[],https://twitter.com/user/status/1480498872229191691,Doctor Strikes,3,3
2022-01-10 08:27:11,1480456173098840066,"A doctor in Mekelle heard the attack on Monday, ""First I heard the sounds of jet &amp; also an explosion. In the aftern‚Ä¶ https://t.co/hsjskuSP92",,[],https://twitter.com/user/status/1480456173098840066,Doctor Strikes,0,0
2022-01-10 04:50:49,1480401721880825858,Ahh! The old spin doctor strikes again!üòú https://t.co/mHHJaXOWZu,,[],https://twitter.com/user/status/1480401721880825858,Doctor Strikes,0,1
2022-01-10 02:50:56,1480371549613871106,"@OGCovid @SpikeVaxx @curmudgeon_red @Sarcasmcounts @MrsFRChicken @NakedChickenFRC @SARS_CoV2020 *their

And then wh‚Ä¶ https://t.co/0TeoneKKrE",,[],https://twitter.com/user/status/1480371549613871106,Doctor Strikes,0,3
2022-01-10 01:00:26,1480343742833840129,"@LizHighleyman @Bob_Wachter From following Dr. Wachter over the last year plus, it strikes me that he‚Äôs a bit more‚Ä¶ https://t.co/j1KVUEZjDF","Los Angeles, CA",[],https://twitter.com/user/status/1480343742833840129,Doctor Strikes,0,0
2022-01-10 00:52:22,1480341712731979778,"A doctor in Mekelle heard the attack on Monday, ""First I heard the sounds of jet &amp; also an explosion. In the aftern‚Ä¶ https://t.co/SBGWNVn3nB",,[],https://twitter.com/user/status/1480341712731979778,Doctor Strikes,1,1
2022-01-10 00:20:37,1480333722054496259,@gabriellastired White goy strikes again.  Romania? Poland? Russia? Doctor's Plot?  Nothing.  There is no antisemit‚Ä¶ https://t.co/lkRbEHwFYA,Land stolen from the Tunica,[],https://twitter.com/user/status/1480333722054496259,Doctor Strikes,0,7
2022-01-09 23:27:36,1480320381990981637,"A doctor in Mekelle heard the attack on Monday, ""First I heard the sounds of jet &amp; also an explosion. In the aftern‚Ä¶ https://t.co/PcAlTKf4LZ",,[],https://twitter.com/user/status/1480320381990981637,Doctor Strikes,4,3
2022-01-09 20:36:12,1480277245851803653,"A doctor in Mekelle heard the attack on Monday, ""First I heard the sounds of jet &amp; also an explosion. In the aftern‚Ä¶ https://t.co/lGo3gMYLTG",,[],https://twitter.com/user/status/1480277245851803653,Doctor Strikes,0,0
2022-01-09 18:54:36,1480251679991861257,@dk1671 @molsjames @SteveDeaceShow The first thing I look for in a doctor is whether or not they have admitting pri‚Ä¶ https://t.co/RIfgPjOik9,,[],https://twitter.com/user/status/1480251679991861257,Doctor Strikes,0,0
2022-01-09 15:01:36,1480193042502098954,"A doctor in Mekelle heard the attack on Monday, ""First I heard the sounds of jet &amp; also an explosion. In the aftern‚Ä¶ https://t.co/dyys8HXshA","Bayern, Deutschland",[],https://twitter.com/user/status/1480193042502098954,Doctor Strikes,0,0
2022-01-09 13:10:53,1480165177370857478,"The horror of Doctor Craig - Strikes again 

Top tip - smallpox TB are not related to your pathetic argument 

Let‚Ä¶ https://t.co/0EDpbVctSw",United Kingdom,[],https://twitter.com/user/status/1480165177370857478,Doctor Strikes,1,4
2022-01-09 09:42:05,1480112631117758467,"Bilingual brainrot strikes again

I've had this label in my bio put as ""Arts"" for a while now. I just only now real‚Ä¶ https://t.co/67rj8rVPUV",The Netherlands üá≥üá±,[],https://twitter.com/user/status/1480112631117758467,Doctor Strikes,0,8
2022-01-09 06:35:08,1480065583433625601,The foot doctor strikes again üò≠ https://t.co/1SBL7DaOzm,London,[],https://twitter.com/user/status/1480065583433625601,Doctor Strikes,0,11
2022-01-09 03:30:30,1480019120708009984,"A doctor in Mekelle heard the attack on Monday, ""First I heard the sounds of jet &amp; also an explosion. In the aftern‚Ä¶ https://t.co/S8ls0o2OXD",,[],https://twitter.com/user/status/1480019120708009984,Doctor Strikes,0,0
2022-01-09 03:27:02,1480018246392631296,REALITY FIGHTING MMA RESULT: Justin Valentin defeats Brandon Neiford via doctor stoppage to strikes at 2:30 in Round 1.,WesternMass,[],https://twitter.com/user/status/1480018246392631296,Doctor Strikes,0,0
